id;id_2_trining;id_2_requirents;id_2_course;id_2_employee;state;kind;description;note;expiration;link;extra_1;extra_2;extra_3;extra_4;extra_5;extra_6;extra_7;extra_8;extra_9;extra_10;created;created_at;edited;edited_at
1;61131;95576;57251;5265;NEW;ONTHEJOB;collaborative Singapore invoice;Gloves Intelligent Arizona;2023-05-28T00:55:22;COM Oro;Indiana incentivize Card;Plastic function clicks-and-mortar;Internal;Team-oriented;Franc calculating Account;Concrete Administrator zero;Market Money;Bedfordshire;Steel;Loan Games THX;efficient Minnesota;2023-05-28T10:59:45;Coordinator;2023-05-28T05:59:03
2;42489;18811;89275;79122;NEW;ONTHEJOB;communities Spain zero;Aruba;2023-05-28T17:41:12;Wooden;feed Card;Granite Investment Investment;Avenue Beauty;Mountain Loan;Pants contingency;Minnesota Texas pixel;Factors programming coherent;empower;solutions;bypassing Mobility Bedfordshire;Internal Common Surinam;2023-05-28T00:26:33;Account Clothing Response;2023-05-27T21:43:55
3;48072;39831;41778;22809;CHECK;CERTIFICATE;Fantastic transmitter;Pound fuchsia;2023-05-28T12:04:52;Computers;Fish Ecuador matrix;Utah Israeli;Handcrafted Territory;Avon USB Gorgeous;auxiliary HDD demand-driven;Bhutan Isle Loan;Plastic;haptic;Data overriding;Internal;mission-critical;2023-05-28T11:05:35;Towels UAE;2023-05-28T11:18:36
4;86428;80285;81783;72966;NEW;COURSE;Ergonomic Inlet Designer;Assurance Directives;2023-05-27T22:37:08;Leone Mobility Oklahoma;Chips leverage EXE;Plaza Islands;Rustic;bandwidth override;Wooden invoice;relationships;asymmetric Awesome;optical open-source revolutionize;transmitter;multi-byte B2B user-centric;hacking;2023-05-28T05:04:11;stable;2023-05-27T22:40:50
5;99893;94880;11026;90795;CHECK;ONTHEJOB;Cheese;Metal bypassing;2023-05-28T17:27:03;Berkshire;Electronics;Lead Steel Handcrafted;Direct;Distributed productivity;Senior bypass;synergies;Saudi 24/365 Centralized;up exploit District;metrics logistical;Algerian calculating;Account transmitter bluetooth;2023-05-28T16:54:53;Specialist;2023-05-28T06:47:26
6;25560;40095;85636;73988;CHECK;ONTHEJOB;Consultant;deposit analyzer;2023-05-27T23:12:41;Organized Account haptic;interface Frozen;system;Concrete panel;model red;Thailand Nakfa;well-modulated Outdoors;New;CSS Object-based Hat;Licensed indigo RAM;bypassing synergy Boliviano;intranet database;2023-05-28T16:11:33;engage;2023-05-28T16:19:42
7;17918;23549;88949;88036;CHECK;ONTHEJOB;Movies database haptic;Triple-buffered;2023-05-28T16:01:56;Islands Bhutanese;Baby IB;Savings e-tailers transmitting;Soft black transitional;Clothing withdrawal encoding;Internal Intranet hardware;Avon calculate Director;state Pants;Connecticut invoice Concrete;Hat distributed;Pants;Car Pants;2023-05-27T22:18:51;systematic;2023-05-28T04:19:57
8;35106;36431;63587;50848;NEW;COURSE;relationships Chicken;Estates Bedfordshire communities;2023-05-28T16:46:11;revolutionary Shirt Awesome;Brunei;GB;Associate;Garden stable Gibraltar;architectures Intelligent Handmade;Borders payment client-driven;optimize Bangladesh algorithm;haptic Refined;actuating;Gloves;Station olive indigo;2023-05-27T20:50:35;channels;2023-05-28T08:44:58
9;52947;3038;69192;85890;NEW;CERTIFICATE;Pound Ergonomic;withdrawal;2023-05-28T14:06:50;deposit blockchains;Grove Buckinghamshire;Directives Buckinghamshire indigo;Shoal Carolina;Sleek;Shilling;Account Home Universal;Platinum HDD Auto;Central Toys Savings;SCSI SMS Investor;drive Director Georgia;Fish Intranet firewall;2023-05-28T17:42:51;Account;2023-05-28T03:33:24
10;94590;42903;55209;90470;CHECK;COURSE;Chair JBOD;Gloves Cambridgeshire;2023-05-28T14:33:51;payment Avon;Car New;Frozen Associate state;capacitor Grocery;orange program Mississippi;benchmark;infomediaries;Division Serbian embrace;primary Plaza;HDD tan;line;Israel communities;2023-05-28T03:45:39;deposit override;2023-05-28T17:47:57
